run_id,seed,lead_s,anchor,model_variant,test_match,provider,match,probe,n,n_defined,accuracy,accuracy_where_defined,nearest_teammate,excess
a95b7a72bb,,0.0,emitted_sync_frame,cross_provider,,idsse,J03WMX,nearest_teammate,722,722,0.296398891966759,0.296398891966759,0.296398891966759,0.0
a95b7a72bb,,0.0,emitted_sync_frame,cross_provider,,idsse,J03WMX,ball_direction,722,722,0.592797783933518,0.592797783933518,0.296398891966759,0.296398891966759
a95b7a72bb,,0.0,emitted_sync_frame,cross_provider,,idsse,J03WMX,passer_direction,722,722,0.4168975069252078,0.4168975069252078,0.296398891966759,0.12049861495844877
a95b7a72bb,,0.0,emitted_sync_frame,cross_provider,,idsse,J03WMX,masella_min_abs,722,629,0.01662049861495845,0.019077901430842606,0.296398891966759,-0.27977839335180055
a95b7a72bb,,0.0,emitted_sync_frame,cross_provider,,idsse,J03WMX,masella_max_abs,722,629,0.38227146814404434,0.43879173290937995,0.296398891966759,0.08587257617728533
a95b7a72bb,,0.2,emitted_sync_frame,cross_provider,,idsse,J03WMX,nearest_teammate,722,722,0.2853185595567867,0.2853185595567867,0.2853185595567867,0.0
a95b7a72bb,,0.2,emitted_sync_frame,cross_provider,,idsse,J03WMX,ball_direction,722,722,0.407202216066482,0.407202216066482,0.2853185595567867,0.12188365650969529
a95b7a72bb,,0.2,emitted_sync_frame,cross_provider,,idsse,J03WMX,passer_direction,722,722,0.4002770083102493,0.4002770083102493,0.2853185595567867,0.11495844875346262
a95b7a72bb,,0.2,emitted_sync_frame,cross_provider,,idsse,J03WMX,masella_min_abs,722,610,0.055401662049861494,0.06557377049180328,0.2853185595567867,-0.2299168975069252
a95b7a72bb,,0.2,emitted_sync_frame,cross_provider,,idsse,J03WMX,masella_max_abs,722,610,0.26177285318559557,0.30983606557377047,0.2853185595567867,-0.023545706371191133
a95b7a72bb,,0.4,emitted_sync_frame,cross_provider,,idsse,J03WMX,nearest_teammate,722,722,0.2742382271468144,0.2742382271468144,0.2742382271468144,0.0
a95b7a72bb,,0.4,emitted_sync_frame,cross_provider,,idsse,J03WMX,ball_direction,722,722,0.3033240997229917,0.3033240997229917,0.2742382271468144,0.029085872576177285
a95b7a72bb,,0.4,emitted_sync_frame,cross_provider,,idsse,J03WMX,passer_direction,722,722,0.37534626038781166,0.37534626038781166,0.2742382271468144,0.10110803324099726
a95b7a72bb,,0.4,emitted_sync_frame,cross_provider,,idsse,J03WMX,masella_min_abs,722,642,0.04155124653739612,0.04672897196261682,0.2742382271468144,-0.23268698060941828
a95b7a72bb,,0.4,emitted_sync_frame,cross_provider,,idsse,J03WMX,masella_max_abs,722,642,0.29362880886426596,0.3302180685358255,0.2742382271468144,0.01939058171745156
a95b7a72bb,,0.8,emitted_sync_frame,cross_provider,,idsse,J03WMX,nearest_teammate,722,722,0.2631578947368421,0.2631578947368421,0.2631578947368421,0.0
a95b7a72bb,,0.8,emitted_sync_frame,cross_provider,,idsse,J03WMX,ball_direction,722,722,0.30886426592797783,0.30886426592797783,0.2631578947368421,0.04570637119113574
a95b7a72bb,,0.8,emitted_sync_frame,cross_provider,,idsse,J03WMX,passer_direction,722,722,0.3296398891966759,0.3296398891966759,0.2631578947368421,0.06648199445983383
a95b7a72bb,,0.8,emitted_sync_frame,cross_provider,,idsse,J03WMX,masella_min_abs,722,643,0.04847645429362881,0.05443234836702955,0.2631578947368421,-0.21468144044321327
a95b7a72bb,,0.8,emitted_sync_frame,cross_provider,,idsse,J03WMX,masella_max_abs,722,643,0.2548476454293629,0.28615863141524106,0.2631578947368421,-0.0083102493074792
a95b7a72bb,,1.2,emitted_sync_frame,cross_provider,,idsse,J03WMX,nearest_teammate,721,721,0.24687933425797504,0.24687933425797504,0.24687933425797504,0.0
a95b7a72bb,,1.2,emitted_sync_frame,cross_provider,,idsse,J03WMX,ball_direction,721,721,0.2912621359223301,0.2912621359223301,0.24687933425797504,0.04438280166435504
a95b7a72bb,,1.2,emitted_sync_frame,cross_provider,,idsse,J03WMX,passer_direction,721,721,0.3106796116504854,0.3106796116504854,0.24687933425797504,0.06380027739251037
a95b7a72bb,,1.2,emitted_sync_frame,cross_provider,,idsse,J03WMX,masella_min_abs,721,660,0.09292649098474341,0.10151515151515152,0.24687933425797504,-0.1539528432732316
a95b7a72bb,,1.2,emitted_sync_frame,cross_provider,,idsse,J03WMX,masella_max_abs,721,660,0.19972260748959778,0.21818181818181817,0.24687933425797504,-0.04715672676837726
a95b7a72bb,,0.0,emitted_sync_frame,cross_provider,,idsse,J03WN1,nearest_teammate,455,455,0.3010989010989011,0.3010989010989011,0.3010989010989011,0.0
a95b7a72bb,,0.0,emitted_sync_frame,cross_provider,,idsse,J03WN1,ball_direction,455,455,0.5142857142857142,0.5142857142857142,0.3010989010989011,0.21318681318681315
a95b7a72bb,,0.0,emitted_sync_frame,cross_provider,,idsse,J03WN1,passer_direction,455,455,0.367032967032967,0.367032967032967,0.3010989010989011,0.06593406593406592
a95b7a72bb,,0.0,emitted_sync_frame,cross_provider,,idsse,J03WN1,masella_min_abs,455,411,0.01978021978021978,0.021897810218978103,0.3010989010989011,-0.2813186813186813
a95b7a72bb,,0.0,emitted_sync_frame,cross_provider,,idsse,J03WN1,masella_max_abs,455,411,0.35604395604395606,0.39416058394160586,0.3010989010989011,0.05494505494505497
a95b7a72bb,,0.2,emitted_sync_frame,cross_provider,,idsse,J03WN1,nearest_teammate,455,455,0.2923076923076923,0.2923076923076923,0.2923076923076923,0.0
a95b7a72bb,,0.2,emitted_sync_frame,cross_provider,,idsse,J03WN1,ball_direction,455,455,0.31648351648351647,0.31648351648351647,0.2923076923076923,0.024175824175824145
a95b7a72bb,,0.2,emitted_sync_frame,cross_provider,,idsse,J03WN1,passer_direction,455,455,0.35824175824175825,0.35824175824175825,0.2923076923076923,0.06593406593406592
a95b7a72bb,,0.2,emitted_sync_frame,cross_provider,,idsse,J03WN1,masella_min_abs,455,404,0.054945054945054944,0.06188118811881188,0.2923076923076923,-0.23736263736263738
a95b7a72bb,,0.2,emitted_sync_frame,cross_provider,,idsse,J03WN1,masella_max_abs,455,404,0.25934065934065936,0.29207920792079206,0.2923076923076923,-0.03296703296703296
a95b7a72bb,,0.4,emitted_sync_frame,cross_provider,,idsse,J03WN1,nearest_teammate,454,454,0.2775330396475771,0.2775330396475771,0.2775330396475771,0.0
a95b7a72bb,,0.4,emitted_sync_frame,cross_provider,,idsse,J03WN1,ball_direction,454,454,0.21585903083700442,0.21585903083700442,0.2775330396475771,-0.06167400881057267
a95b7a72bb,,0.4,emitted_sync_frame,cross_provider,,idsse,J03WN1,passer_direction,454,454,0.32819383259911894,0.32819383259911894,0.2775330396475771,0.050660792951541855
a95b7a72bb,,0.4,emitted_sync_frame,cross_provider,,idsse,J03WN1,masella_min_abs,454,411,0.05947136563876652,0.06569343065693431,0.2775330396475771,-0.21806167400881057
a95b7a72bb,,0.4,emitted_sync_frame,cross_provider,,idsse,J03WN1,masella_max_abs,454,411,0.2621145374449339,0.2895377128953771,0.2775330396475771,-0.01541850220264318
a95b7a72bb,,0.8,emitted_sync_frame,cross_provider,,idsse,J03WN1,nearest_teammate,454,454,0.2621145374449339,0.2621145374449339,0.2621145374449339,0.0
a95b7a72bb,,0.8,emitted_sync_frame,cross_provider,,idsse,J03WN1,ball_direction,454,454,0.23127753303964757,0.23127753303964757,0.2621145374449339,-0.030837004405286333
a95b7a72bb,,0.8,emitted_sync_frame,cross_provider,,idsse,J03WN1,passer_direction,454,454,0.2422907488986784,0.2422907488986784,0.2621145374449339,-0.019823788546255494
a95b7a72bb,,0.8,emitted_sync_frame,cross_provider,,idsse,J03WN1,masella_min_abs,454,421,0.05506607929515418,0.05938242280285035,0.2621145374449339,-0.20704845814977973
a95b7a72bb,,0.8,emitted_sync_frame,cross_provider,,idsse,J03WN1,masella_max_abs,454,421,0.2621145374449339,0.2826603325415677,0.2621145374449339,0.0
a95b7a72bb,,1.2,emitted_sync_frame,cross_provider,,idsse,J03WN1,nearest_teammate,454,454,0.2422907488986784,0.2422907488986784,0.2422907488986784,0.0
a95b7a72bb,,1.2,emitted_sync_frame,cross_provider,,idsse,J03WN1,ball_direction,454,454,0.23348017621145375,0.23348017621145375,0.2422907488986784,-0.008810572687224655
a95b7a72bb,,1.2,emitted_sync_frame,cross_provider,,idsse,J03WN1,passer_direction,454,454,0.21806167400881057,0.21806167400881057,0.2422907488986784,-0.024229074889867835
a95b7a72bb,,1.2,emitted_sync_frame,cross_provider,,idsse,J03WN1,masella_min_abs,454,425,0.07488986784140969,0.08,0.2422907488986784,-0.16740088105726872
a95b7a72bb,,1.2,emitted_sync_frame,cross_provider,,idsse,J03WN1,masella_max_abs,454,425,0.2092511013215859,0.2235294117647059,0.2422907488986784,-0.03303964757709252
a95b7a72bb,,0.0,emitted_sync_frame,cross_provider,,idsse,J03WPY,nearest_teammate,659,659,0.30045523520485584,0.30045523520485584,0.30045523520485584,0.0
a95b7a72bb,,0.0,emitted_sync_frame,cross_provider,,idsse,J03WPY,ball_direction,659,659,0.6160849772382397,0.6160849772382397,0.30045523520485584,0.3156297420333839
a95b7a72bb,,0.0,emitted_sync_frame,cross_provider,,idsse,J03WPY,passer_direction,659,659,0.40819423368740515,0.40819423368740515,0.30045523520485584,0.10773899848254931
a95b7a72bb,,0.0,emitted_sync_frame,cross_provider,,idsse,J03WPY,masella_min_abs,659,649,0.010622154779969651,0.01078582434514638,0.30045523520485584,-0.2898330804248862
a95b7a72bb,,0.0,emitted_sync_frame,cross_provider,,idsse,J03WPY,masella_max_abs,659,649,0.40667678300455234,0.41294298921417566,0.30045523520485584,0.1062215477996965
a95b7a72bb,,0.2,emitted_sync_frame,cross_provider,,idsse,J03WPY,nearest_teammate,659,659,0.30045523520485584,0.30045523520485584,0.30045523520485584,0.0
a95b7a72bb,,0.2,emitted_sync_frame,cross_provider,,idsse,J03WPY,ball_direction,659,659,0.4218512898330804,0.4218512898330804,0.30045523520485584,0.12139605462822456
a95b7a72bb,,0.2,emitted_sync_frame,cross_provider,,idsse,J03WPY,passer_direction,659,659,0.40212443095599393,0.40212443095599393,0.30045523520485584,0.10166919575113809
a95b7a72bb,,0.2,emitted_sync_frame,cross_provider,,idsse,J03WPY,masella_min_abs,659,631,0.07283763277693475,0.07606973058637084,0.30045523520485584,-0.2276176024279211
a95b7a72bb,,0.2,emitted_sync_frame,cross_provider,,idsse,J03WPY,masella_max_abs,659,631,0.2701062215477997,0.2820919175911252,0.30045523520485584,-0.030349013657056167
a95b7a72bb,,0.4,emitted_sync_frame,cross_provider,,idsse,J03WPY,nearest_teammate,659,659,0.2928679817905918,0.2928679817905918,0.2928679817905918,0.0
a95b7a72bb,,0.4,emitted_sync_frame,cross_provider,,idsse,J03WPY,ball_direction,659,659,0.2943854324734446,0.2943854324734446,0.2928679817905918,0.0015174506828528056
a95b7a72bb,,0.4,emitted_sync_frame,cross_provider,,idsse,J03WPY,passer_direction,659,659,0.38391502276176026,0.38391502276176026,0.2928679817905918,0.09104704097116845
a95b7a72bb,,0.4,emitted_sync_frame,cross_provider,,idsse,J03WPY,masella_min_abs,659,635,0.05918057663125948,0.06141732283464567,0.2928679817905918,-0.23368740515933234
a95b7a72bb,,0.4,emitted_sync_frame,cross_provider,,idsse,J03WPY,masella_max_abs,659,635,0.2928679817905918,0.30393700787401573,0.2928679817905918,0.0
a95b7a72bb,,0.8,emitted_sync_frame,cross_provider,,idsse,J03WPY,nearest_teammate,659,659,0.26251896813353565,0.26251896813353565,0.26251896813353565,0.0
a95b7a72bb,,0.8,emitted_sync_frame,cross_provider,,idsse,J03WPY,ball_direction,659,659,0.3201820940819423,0.3201820940819423,0.26251896813353565,0.05766312594840667
a95b7a72bb,,0.8,emitted_sync_frame,cross_provider,,idsse,J03WPY,passer_direction,659,659,0.3550834597875569,0.3550834597875569,0.26251896813353565,0.09256449165402125
a95b7a72bb,,0.8,emitted_sync_frame,cross_provider,,idsse,J03WPY,masella_min_abs,659,646,0.07435508345978756,0.07585139318885449,0.26251896813353565,-0.1881638846737481
a95b7a72bb,,0.8,emitted_sync_frame,cross_provider,,idsse,J03WPY,masella_max_abs,659,646,0.2959028831562974,0.3018575851393189,0.26251896813353565,0.03338391502276178
a95b7a72bb,,1.2,emitted_sync_frame,cross_provider,,idsse,J03WPY,nearest_teammate,659,659,0.25796661608497723,0.25796661608497723,0.25796661608497723,0.0
a95b7a72bb,,1.2,emitted_sync_frame,cross_provider,,idsse,J03WPY,ball_direction,659,659,0.27617602427921095,0.27617602427921095,0.25796661608497723,0.018209408194233723
a95b7a72bb,,1.2,emitted_sync_frame,cross_provider,,idsse,J03WPY,passer_direction,659,659,0.3156297420333839,0.3156297420333839,0.25796661608497723,0.05766312594840667
a95b7a72bb,,1.2,emitted_sync_frame,cross_provider,,idsse,J03WPY,masella_min_abs,659,647,0.12898330804248861,0.13137557959814528,0.25796661608497723,-0.12898330804248861
a95b7a72bb,,1.2,emitted_sync_frame,cross_provider,,idsse,J03WPY,masella_max_abs,659,647,0.22458270106221548,0.2287480680061824,0.25796661608497723,-0.03338391502276175
a95b7a72bb,,0.0,emitted_sync_frame,cross_provider,,idsse,J03WOH,nearest_teammate,503,503,0.268389662027833,0.268389662027833,0.268389662027833,0.0
a95b7a72bb,,0.0,emitted_sync_frame,cross_provider,,idsse,J03WOH,ball_direction,503,503,0.5964214711729622,0.5964214711729622,0.268389662027833,0.3280318091451292
a95b7a72bb,,0.0,emitted_sync_frame,cross_provider,,idsse,J03WOH,passer_direction,503,503,0.38767395626242546,0.38767395626242546,0.268389662027833,0.11928429423459247
a95b7a72bb,,0.0,emitted_sync_frame,cross_provider,,idsse,J03WOH,masella_min_abs,503,495,0.019880715705765408,0.020202020202020204,0.268389662027833,-0.24850894632206758
a95b7a72bb,,0.0,emitted_sync_frame,cross_provider,,idsse,J03WOH,masella_max_abs,503,495,0.40159045725646125,0.4080808080808081,0.268389662027833,0.13320079522862827
a95b7a72bb,,0.2,emitted_sync_frame,cross_provider,,idsse,J03WOH,nearest_teammate,503,503,0.26043737574552683,0.26043737574552683,0.26043737574552683,0.0
a95b7a72bb,,0.2,emitted_sync_frame,cross_provider,,idsse,J03WOH,ball_direction,503,503,0.4115308151093439,0.4115308151093439,0.26043737574552683,0.15109343936381708
a95b7a72bb,,0.2,emitted_sync_frame,cross_provider,,idsse,J03WOH,passer_direction,503,503,0.3836978131212724,0.3836978131212724,0.26043737574552683,0.12326043737574555
a95b7a72bb,,0.2,emitted_sync_frame,cross_provider,,idsse,J03WOH,masella_min_abs,503,484,0.09741550695825049,0.1012396694214876,0.26043737574552683,-0.16302186878727634
a95b7a72bb,,0.2,emitted_sync_frame,cross_provider,,idsse,J03WOH,masella_max_abs,503,484,0.2823061630218688,0.29338842975206614,0.26043737574552683,0.02186878727634195
a95b7a72bb,,0.4,emitted_sync_frame,cross_provider,,idsse,J03WOH,nearest_teammate,503,503,0.25646123260437376,0.25646123260437376,0.25646123260437376,0.0
a95b7a72bb,,0.4,emitted_sync_frame,cross_provider,,idsse,J03WOH,ball_direction,503,503,0.28429423459244535,0.28429423459244535,0.25646123260437376,0.027833001988071593
a95b7a72bb,,0.4,emitted_sync_frame,cross_provider,,idsse,J03WOH,passer_direction,503,503,0.37375745526838966,0.37375745526838966,0.25646123260437376,0.1172962226640159
a95b7a72bb,,0.4,emitted_sync_frame,cross_provider,,idsse,J03WOH,masella_min_abs,503,490,0.09145129224652088,0.09387755102040816,0.25646123260437376,-0.16500994035785288
a95b7a72bb,,0.4,emitted_sync_frame,cross_provider,,idsse,J03WOH,masella_max_abs,503,490,0.2962226640159046,0.3040816326530612,0.25646123260437376,0.03976143141153082
a95b7a72bb,,0.8,emitted_sync_frame,cross_provider,,idsse,J03WOH,nearest_teammate,503,503,0.2524850894632207,0.2524850894632207,0.2524850894632207,0.0
a95b7a72bb,,0.8,emitted_sync_frame,cross_provider,,idsse,J03WOH,ball_direction,503,503,0.33399602385685884,0.33399602385685884,0.2524850894632207,0.08151093439363816
a95b7a72bb,,0.8,emitted_sync_frame,cross_provider,,idsse,J03WOH,passer_direction,503,503,0.31610337972166996,0.31610337972166996,0.2524850894632207,0.06361829025844928
a95b7a72bb,,0.8,emitted_sync_frame,cross_provider,,idsse,J03WOH,masella_min_abs,503,486,0.0775347912524851,0.08024691358024691,0.2524850894632207,-0.1749502982107356
a95b7a72bb,,0.8,emitted_sync_frame,cross_provider,,idsse,J03WOH,masella_max_abs,503,486,0.2982107355864811,0.30864197530864196,0.2524850894632207,0.04572564612326041
a95b7a72bb,,1.2,emitted_sync_frame,cross_provider,,idsse,J03WOH,nearest_teammate,503,503,0.24652087475149106,0.24652087475149106,0.24652087475149106,0.0
a95b7a72bb,,1.2,emitted_sync_frame,cross_provider,,idsse,J03WOH,ball_direction,503,503,0.31411530815109345,0.31411530815109345,0.24652087475149106,0.06759443339960239
a95b7a72bb,,1.2,emitted_sync_frame,cross_provider,,idsse,J03WOH,passer_direction,503,503,0.3081510934393638,0.3081510934393638,0.24652087475149106,0.061630218687872745
a95b7a72bb,,1.2,emitted_sync_frame,cross_provider,,idsse,J03WOH,masella_min_abs,503,486,0.1312127236580517,0.13580246913580246,0.24652087475149106,-0.11530815109343936
a95b7a72bb,,1.2,emitted_sync_frame,cross_provider,,idsse,J03WOH,masella_max_abs,503,486,0.24254473161033796,0.25102880658436216,0.24652087475149106,-0.0039761431411531045
a95b7a72bb,,0.0,emitted_sync_frame,cross_provider,,idsse,J03WQQ,nearest_teammate,670,670,0.28059701492537314,0.28059701492537314,0.28059701492537314,0.0
a95b7a72bb,,0.0,emitted_sync_frame,cross_provider,,idsse,J03WQQ,ball_direction,670,670,0.6074626865671642,0.6074626865671642,0.28059701492537314,0.32686567164179103
a95b7a72bb,,0.0,emitted_sync_frame,cross_provider,,idsse,J03WQQ,passer_direction,670,670,0.3895522388059702,0.3895522388059702,0.28059701492537314,0.10895522388059703
a95b7a72bb,,0.0,emitted_sync_frame,cross_provider,,idsse,J03WQQ,masella_min_abs,670,665,0.03731343283582089,0.03759398496240601,0.28059701492537314,-0.24328358208955225
a95b7a72bb,,0.0,emitted_sync_frame,cross_provider,,idsse,J03WQQ,masella_max_abs,670,665,0.382089552238806,0.3849624060150376,0.28059701492537314,0.10149253731343283
a95b7a72bb,,0.2,emitted_sync_frame,cross_provider,,idsse,J03WQQ,nearest_teammate,670,670,0.2656716417910448,0.2656716417910448,0.2656716417910448,0.0
a95b7a72bb,,0.2,emitted_sync_frame,cross_provider,,idsse,J03WQQ,ball_direction,670,670,0.4044776119402985,0.4044776119402985,0.2656716417910448,0.13880597014925372
a95b7a72bb,,0.2,emitted_sync_frame,cross_provider,,idsse,J03WQQ,passer_direction,670,670,0.382089552238806,0.382089552238806,0.2656716417910448,0.11641791044776117
a95b7a72bb,,0.2,emitted_sync_frame,cross_provider,,idsse,J03WQQ,masella_min_abs,670,637,0.08358208955223881,0.08791208791208792,0.2656716417910448,-0.182089552238806
a95b7a72bb,,0.2,emitted_sync_frame,cross_provider,,idsse,J03WQQ,masella_max_abs,670,637,0.24925373134328357,0.2621664050235479,0.2656716417910448,-0.016417910447761225
a95b7a72bb,,0.4,emitted_sync_frame,cross_provider,,idsse,J03WQQ,nearest_teammate,670,670,0.2537313432835821,0.2537313432835821,0.2537313432835821,0.0
a95b7a72bb,,0.4,emitted_sync_frame,cross_provider,,idsse,J03WQQ,ball_direction,670,670,0.2626865671641791,0.2626865671641791,0.2537313432835821,0.008955223880596996
a95b7a72bb,,0.4,emitted_sync_frame,cross_provider,,idsse,J03WQQ,passer_direction,670,670,0.3776119402985075,0.3776119402985075,0.2537313432835821,0.12388059701492538
a95b7a72bb,,0.4,emitted_sync_frame,cross_provider,,idsse,J03WQQ,masella_min_abs,670,642,0.08358208955223881,0.08722741433021806,0.2537313432835821,-0.1701492537313433
a95b7a72bb,,0.4,emitted_sync_frame,cross_provider,,idsse,J03WQQ,masella_max_abs,670,642,0.24776119402985075,0.2585669781931464,0.2537313432835821,-0.005970149253731349
a95b7a72bb,,0.8,emitted_sync_frame,cross_provider,,idsse,J03WQQ,nearest_teammate,669,669,0.2406576980568012,0.2406576980568012,0.2406576980568012,0.0
a95b7a72bb,,0.8,emitted_sync_frame,cross_provider,,idsse,J03WQQ,ball_direction,669,669,0.3109118086696562,0.3109118086696562,0.2406576980568012,0.07025411061285497
a95b7a72bb,,0.8,emitted_sync_frame,cross_provider,,idsse,J03WQQ,passer_direction,669,669,0.34379671150971597,0.34379671150971597,0.2406576980568012,0.10313901345291476
a95b7a72bb,,0.8,emitted_sync_frame,cross_provider,,idsse,J03WQQ,masella_min_abs,669,655,0.09417040358744394,0.09618320610687023,0.2406576980568012,-0.14648729446935727
a95b7a72bb,,0.8,emitted_sync_frame,cross_provider,,idsse,J03WQQ,masella_max_abs,669,655,0.2600896860986547,0.26564885496183205,0.2406576980568012,0.019431988041853476
a95b7a72bb,,1.2,emitted_sync_frame,cross_provider,,idsse,J03WQQ,nearest_teammate,669,669,0.23019431988041852,0.23019431988041852,0.23019431988041852,0.0
a95b7a72bb,,1.2,emitted_sync_frame,cross_provider,,idsse,J03WQQ,ball_direction,669,669,0.30792227204783257,0.30792227204783257,0.23019431988041852,0.07772795216741404
a95b7a72bb,,1.2,emitted_sync_frame,cross_provider,,idsse,J03WQQ,passer_direction,669,669,0.29895366218236175,0.29895366218236175,0.23019431988041852,0.06875934230194322
a95b7a72bb,,1.2,emitted_sync_frame,cross_provider,,idsse,J03WQQ,masella_min_abs,669,652,0.13303437967115098,0.13650306748466257,0.23019431988041852,-0.09715994020926755
a95b7a72bb,,1.2,emitted_sync_frame,cross_provider,,idsse,J03WQQ,masella_max_abs,669,652,0.20478325859491778,0.21012269938650308,0.23019431988041852,-0.025411061285500747
a95b7a72bb,,0.0,emitted_sync_frame,cross_provider,,idsse,J03WOY,nearest_teammate,566,566,0.25618374558303886,0.25618374558303886,0.25618374558303886,0.0
a95b7a72bb,,0.0,emitted_sync_frame,cross_provider,,idsse,J03WOY,ball_direction,566,566,0.5971731448763251,0.5971731448763251,0.25618374558303886,0.34098939929328625
a95b7a72bb,,0.0,emitted_sync_frame,cross_provider,,idsse,J03WOY,passer_direction,566,566,0.40636042402826855,0.40636042402826855,0.25618374558303886,0.1501766784452297
a95b7a72bb,,0.0,emitted_sync_frame,cross_provider,,idsse,J03WOY,masella_min_abs,566,553,0.019434628975265017,0.019891500904159132,0.25618374558303886,-0.23674911660777384
a95b7a72bb,,0.0,emitted_sync_frame,cross_provider,,idsse,J03WOY,masella_max_abs,566,553,0.37279151943462896,0.38155515370705245,0.25618374558303886,0.1166077738515901
a95b7a72bb,,0.2,emitted_sync_frame,cross_provider,,idsse,J03WOY,nearest_teammate,566,566,0.23674911660777384,0.23674911660777384,0.23674911660777384,0.0
a95b7a72bb,,0.2,emitted_sync_frame,cross_provider,,idsse,J03WOY,ball_direction,566,566,0.41872791519434627,0.41872791519434627,0.23674911660777384,0.18197879858657243
a95b7a72bb,,0.2,emitted_sync_frame,cross_provider,,idsse,J03WOY,passer_direction,566,566,0.39399293286219084,0.39399293286219084,0.23674911660777384,0.157243816254417
a95b7a72bb,,0.2,emitted_sync_frame,cross_provider,,idsse,J03WOY,masella_min_abs,566,533,0.061837455830388695,0.06566604127579738,0.23674911660777384,-0.17491166077738515
a95b7a72bb,,0.2,emitted_sync_frame,cross_provider,,idsse,J03WOY,masella_max_abs,566,533,0.25265017667844525,0.2682926829268293,0.23674911660777384,0.015901060070671408
a95b7a72bb,,0.4,emitted_sync_frame,cross_provider,,idsse,J03WOY,nearest_teammate,566,566,0.22791519434628976,0.22791519434628976,0.22791519434628976,0.0
a95b7a72bb,,0.4,emitted_sync_frame,cross_provider,,idsse,J03WOY,ball_direction,566,566,0.26855123674911663,0.26855123674911663,0.22791519434628976,0.040636042402826866
a95b7a72bb,,0.4,emitted_sync_frame,cross_provider,,idsse,J03WOY,passer_direction,566,566,0.3551236749116608,0.3551236749116608,0.22791519434628976,0.12720848056537104
a95b7a72bb,,0.4,emitted_sync_frame,cross_provider,,idsse,J03WOY,masella_min_abs,566,543,0.054770318021201414,0.0570902394106814,0.22791519434628976,-0.17314487632508835
a95b7a72bb,,0.4,emitted_sync_frame,cross_provider,,idsse,J03WOY,masella_max_abs,566,543,0.26855123674911663,0.27992633517495397,0.22791519434628976,0.040636042402826866
a95b7a72bb,,0.8,emitted_sync_frame,cross_provider,,idsse,J03WOY,nearest_teammate,566,566,0.21024734982332155,0.21024734982332155,0.21024734982332155,0.0
a95b7a72bb,,0.8,emitted_sync_frame,cross_provider,,idsse,J03WOY,ball_direction,566,566,0.30918727915194344,0.30918727915194344,0.21024734982332155,0.09893992932862189
a95b7a72bb,,0.8,emitted_sync_frame,cross_provider,,idsse,J03WOY,passer_direction,566,566,0.29858657243816256,0.29858657243816256,0.21024734982332155,0.088339222614841
a95b7a72bb,,0.8,emitted_sync_frame,cross_provider,,idsse,J03WOY,masella_min_abs,566,548,0.0636042402826855,0.06569343065693431,0.21024734982332155,-0.14664310954063603
a95b7a72bb,,0.8,emitted_sync_frame,cross_provider,,idsse,J03WOY,masella_max_abs,566,548,0.27208480565371024,0.28102189781021897,0.21024734982332155,0.06183745583038869
a95b7a72bb,,1.2,emitted_sync_frame,cross_provider,,idsse,J03WOY,nearest_teammate,566,566,0.1855123674911661,0.1855123674911661,0.1855123674911661,0.0
a95b7a72bb,,1.2,emitted_sync_frame,cross_provider,,idsse,J03WOY,ball_direction,566,566,0.2879858657243816,0.2879858657243816,0.1855123674911661,0.10247349823321553
a95b7a72bb,,1.2,emitted_sync_frame,cross_provider,,idsse,J03WOY,passer_direction,566,566,0.28091872791519434,0.28091872791519434,0.1855123674911661,0.09540636042402825
a95b7a72bb,,1.2,emitted_sync_frame,cross_provider,,idsse,J03WOY,masella_min_abs,566,549,0.10777385159010601,0.1111111111111111,0.1855123674911661,-0.07773851590106008
a95b7a72bb,,1.2,emitted_sync_frame,cross_provider,,idsse,J03WOY,masella_max_abs,566,549,0.19257950530035337,0.19854280510018216,0.1855123674911661,0.007067137809187274
a95b7a72bb,,0.0,emitted_sync_frame,cross_provider,,idsse,J03WR9,nearest_teammate,655,655,0.26259541984732826,0.26259541984732826,0.26259541984732826,0.0
a95b7a72bb,,0.0,emitted_sync_frame,cross_provider,,idsse,J03WR9,ball_direction,655,654,0.5633587786259542,0.5642201834862385,0.26259541984732826,0.3007633587786259
a95b7a72bb,,0.0,emitted_sync_frame,cross_provider,,idsse,J03WR9,passer_direction,655,655,0.32213740458015266,0.32213740458015266,0.26259541984732826,0.059541984732824405
a95b7a72bb,,0.0,emitted_sync_frame,cross_provider,,idsse,J03WR9,masella_min_abs,655,651,0.021374045801526718,0.021505376344086023,0.26259541984732826,-0.24122137404580155
a95b7a72bb,,0.0,emitted_sync_frame,cross_provider,,idsse,J03WR9,masella_max_abs,655,651,0.36946564885496186,0.3717357910906298,0.26259541984732826,0.1068702290076336
a95b7a72bb,,0.2,emitted_sync_frame,cross_provider,,idsse,J03WR9,nearest_teammate,655,655,0.2580152671755725,0.2580152671755725,0.2580152671755725,0.0
a95b7a72bb,,0.2,emitted_sync_frame,cross_provider,,idsse,J03WR9,ball_direction,655,654,0.37251908396946565,0.3730886850152905,0.2580152671755725,0.11450381679389315
a95b7a72bb,,0.2,emitted_sync_frame,cross_provider,,idsse,J03WR9,passer_direction,655,655,0.3114503816793893,0.3114503816793893,0.2580152671755725,0.05343511450381683
a95b7a72bb,,0.2,emitted_sync_frame,cross_provider,,idsse,J03WR9,masella_min_abs,655,623,0.07480916030534351,0.07865168539325842,0.2580152671755725,-0.18320610687022898
a95b7a72bb,,0.2,emitted_sync_frame,cross_provider,,idsse,J03WR9,masella_max_abs,655,623,0.22595419847328244,0.2375601926163724,0.2580152671755725,-0.03206106870229006
a95b7a72bb,,0.4,emitted_sync_frame,cross_provider,,idsse,J03WR9,nearest_teammate,655,655,0.2595419847328244,0.2595419847328244,0.2595419847328244,0.0
a95b7a72bb,,0.4,emitted_sync_frame,cross_provider,,idsse,J03WR9,ball_direction,655,654,0.22595419847328244,0.22629969418960244,0.2595419847328244,-0.03358778625954198
a95b7a72bb,,0.4,emitted_sync_frame,cross_provider,,idsse,J03WR9,passer_direction,655,655,0.3053435114503817,0.3053435114503817,0.2595419847328244,0.04580152671755727
a95b7a72bb,,0.4,emitted_sync_frame,cross_provider,,idsse,J03WR9,masella_min_abs,655,634,0.07022900763358779,0.07255520504731862,0.2595419847328244,-0.1893129770992366
a95b7a72bb,,0.4,emitted_sync_frame,cross_provider,,idsse,J03WR9,masella_max_abs,655,634,0.24580152671755726,0.2539432176656151,0.2595419847328244,-0.01374045801526716
a95b7a72bb,,0.8,emitted_sync_frame,cross_provider,,idsse,J03WR9,nearest_teammate,655,655,0.23969465648854962,0.23969465648854962,0.23969465648854962,0.0
a95b7a72bb,,0.8,emitted_sync_frame,cross_provider,,idsse,J03WR9,ball_direction,655,654,0.2748091603053435,0.27522935779816515,0.23969465648854962,0.0351145038167939
a95b7a72bb,,0.8,emitted_sync_frame,cross_provider,,idsse,J03WR9,passer_direction,655,655,0.2748091603053435,0.2748091603053435,0.23969465648854962,0.0351145038167939
a95b7a72bb,,0.8,emitted_sync_frame,cross_provider,,idsse,J03WR9,masella_min_abs,655,639,0.050381679389312976,0.051643192488262914,0.23969465648854962,-0.18931297709923664
a95b7a72bb,,0.8,emitted_sync_frame,cross_provider,,idsse,J03WR9,masella_max_abs,655,639,0.26259541984732826,0.26917057902973396,0.23969465648854962,0.022900763358778636
a95b7a72bb,,1.2,emitted_sync_frame,cross_provider,,idsse,J03WR9,nearest_teammate,654,654,0.22477064220183487,0.22477064220183487,0.22477064220183487,0.0
a95b7a72bb,,1.2,emitted_sync_frame,cross_provider,,idsse,J03WR9,ball_direction,654,653,0.2599388379204893,0.26033690658499237,0.22477064220183487,0.0351681957186544
a95b7a72bb,,1.2,emitted_sync_frame,cross_provider,,idsse,J03WR9,passer_direction,654,654,0.24464831804281345,0.24464831804281345,0.22477064220183487,0.019877675840978576
a95b7a72bb,,1.2,emitted_sync_frame,cross_provider,,idsse,J03WR9,masella_min_abs,654,633,0.11162079510703364,0.11532385466034756,0.22477064220183487,-0.11314984709480123
a95b7a72bb,,1.2,emitted_sync_frame,cross_provider,,idsse,J03WR9,masella_max_abs,654,633,0.191131498470948,0.19747235387045814,0.22477064220183487,-0.03363914373088686
