run_id,seed,lead_s,anchor,model_variant,test_match,train_lead_s,test_lead_s,n_common,top1,selected_epoch
a95b7a72bb,0,0.0,emitted_sync_frame,cross_offset,J03WMX,0.0,0.0,721,0.8723994452149791,24
a95b7a72bb,0,0.0,emitted_sync_frame,cross_offset,J03WN1,0.0,0.0,454,0.7533039647577092,24
a95b7a72bb,0,0.0,emitted_sync_frame,cross_offset,J03WMX,0.0,0.2,721,0.6643550624133149,24
a95b7a72bb,0,0.0,emitted_sync_frame,cross_offset,J03WN1,0.0,0.2,454,0.5837004405286343,24
a95b7a72bb,0,0.0,emitted_sync_frame,cross_offset,J03WMX,0.0,0.4,721,0.4576976421636616,24
a95b7a72bb,0,0.0,emitted_sync_frame,cross_offset,J03WN1,0.0,0.4,454,0.4052863436123348,24
a95b7a72bb,0,0.0,emitted_sync_frame,cross_offset,J03WMX,0.0,0.8,721,0.4507628294036061,24
a95b7a72bb,0,0.0,emitted_sync_frame,cross_offset,J03WN1,0.0,0.8,454,0.3986784140969163,24
a95b7a72bb,0,0.0,emitted_sync_frame,cross_offset,J03WMX,0.0,1.2,721,0.4091539528432732,24
a95b7a72bb,0,0.0,emitted_sync_frame,cross_offset,J03WN1,0.0,1.2,454,0.3590308370044053,24
a95b7a72bb,1,0.0,emitted_sync_frame,cross_offset,J03WMX,0.0,0.0,721,0.871012482662968,43
a95b7a72bb,1,0.0,emitted_sync_frame,cross_offset,J03WN1,0.0,0.0,454,0.7775330396475771,43
a95b7a72bb,1,0.0,emitted_sync_frame,cross_offset,J03WMX,0.0,0.2,721,0.7073509015256588,43
a95b7a72bb,1,0.0,emitted_sync_frame,cross_offset,J03WN1,0.0,0.2,454,0.5947136563876652,43
a95b7a72bb,1,0.0,emitted_sync_frame,cross_offset,J03WMX,0.0,0.4,721,0.463245492371706,43
a95b7a72bb,1,0.0,emitted_sync_frame,cross_offset,J03WN1,0.0,0.4,454,0.41629955947136565,43
a95b7a72bb,1,0.0,emitted_sync_frame,cross_offset,J03WMX,0.0,0.8,721,0.4507628294036061,43
a95b7a72bb,1,0.0,emitted_sync_frame,cross_offset,J03WN1,0.0,0.8,454,0.4118942731277533,43
a95b7a72bb,1,0.0,emitted_sync_frame,cross_offset,J03WMX,0.0,1.2,721,0.4105409153952843,43
a95b7a72bb,1,0.0,emitted_sync_frame,cross_offset,J03WN1,0.0,1.2,454,0.36784140969163,43
a95b7a72bb,2,0.0,emitted_sync_frame,cross_offset,J03WMX,0.0,0.0,721,0.8613037447988904,46
a95b7a72bb,2,0.0,emitted_sync_frame,cross_offset,J03WN1,0.0,0.0,454,0.7819383259911894,46
a95b7a72bb,2,0.0,emitted_sync_frame,cross_offset,J03WMX,0.0,0.2,721,0.6782246879334258,46
a95b7a72bb,2,0.0,emitted_sync_frame,cross_offset,J03WN1,0.0,0.2,454,0.5837004405286343,46
a95b7a72bb,2,0.0,emitted_sync_frame,cross_offset,J03WMX,0.0,0.4,721,0.4535367545076283,46
a95b7a72bb,2,0.0,emitted_sync_frame,cross_offset,J03WN1,0.0,0.4,454,0.42290748898678415,46
a95b7a72bb,2,0.0,emitted_sync_frame,cross_offset,J03WMX,0.0,0.8,721,0.43966712898751736,46
a95b7a72bb,2,0.0,emitted_sync_frame,cross_offset,J03WN1,0.0,0.8,454,0.3986784140969163,46
a95b7a72bb,2,0.0,emitted_sync_frame,cross_offset,J03WMX,0.0,1.2,721,0.4133148404993065,46
a95b7a72bb,2,0.0,emitted_sync_frame,cross_offset,J03WN1,0.0,1.2,454,0.3502202643171806,46
a95b7a72bb,0,0.2,emitted_sync_frame,cross_offset,J03WMX,0.2,0.0,721,0.7933425797503467,31
a95b7a72bb,0,0.2,emitted_sync_frame,cross_offset,J03WN1,0.2,0.0,454,0.7599118942731278,31
a95b7a72bb,0,0.2,emitted_sync_frame,cross_offset,J03WMX,0.2,0.2,721,0.8502080443828016,31
a95b7a72bb,0,0.2,emitted_sync_frame,cross_offset,J03WN1,0.2,0.2,454,0.7466960352422908,31
a95b7a72bb,0,0.2,emitted_sync_frame,cross_offset,J03WMX,0.2,0.4,721,0.579750346740638,31
a95b7a72bb,0,0.2,emitted_sync_frame,cross_offset,J03WN1,0.2,0.4,454,0.5088105726872246,31
a95b7a72bb,0,0.2,emitted_sync_frame,cross_offset,J03WMX,0.2,0.8,721,0.4535367545076283,31
a95b7a72bb,0,0.2,emitted_sync_frame,cross_offset,J03WN1,0.2,0.8,454,0.42070484581497797,31
a95b7a72bb,0,0.2,emitted_sync_frame,cross_offset,J03WMX,0.2,1.2,721,0.43134535367545074,31
a95b7a72bb,0,0.2,emitted_sync_frame,cross_offset,J03WN1,0.2,1.2,454,0.4118942731277533,31
a95b7a72bb,1,0.2,emitted_sync_frame,cross_offset,J03WMX,0.2,0.0,721,0.7850208044382802,37
a95b7a72bb,1,0.2,emitted_sync_frame,cross_offset,J03WN1,0.2,0.0,454,0.737885462555066,37
a95b7a72bb,1,0.2,emitted_sync_frame,cross_offset,J03WMX,0.2,0.2,721,0.8571428571428571,37
a95b7a72bb,1,0.2,emitted_sync_frame,cross_offset,J03WN1,0.2,0.2,454,0.737885462555066,37
a95b7a72bb,1,0.2,emitted_sync_frame,cross_offset,J03WMX,0.2,0.4,721,0.5714285714285714,37
a95b7a72bb,1,0.2,emitted_sync_frame,cross_offset,J03WN1,0.2,0.4,454,0.4911894273127753,37
a95b7a72bb,1,0.2,emitted_sync_frame,cross_offset,J03WMX,0.2,0.8,721,0.44521497919556174,37
a95b7a72bb,1,0.2,emitted_sync_frame,cross_offset,J03WN1,0.2,0.8,454,0.4052863436123348,37
a95b7a72bb,1,0.2,emitted_sync_frame,cross_offset,J03WMX,0.2,1.2,721,0.42441054091539526,37
a95b7a72bb,1,0.2,emitted_sync_frame,cross_offset,J03WN1,0.2,1.2,454,0.4052863436123348,37
a95b7a72bb,2,0.2,emitted_sync_frame,cross_offset,J03WMX,0.2,0.0,721,0.7905686546463245,30
a95b7a72bb,2,0.2,emitted_sync_frame,cross_offset,J03WN1,0.2,0.0,454,0.76431718061674,30
a95b7a72bb,2,0.2,emitted_sync_frame,cross_offset,J03WMX,0.2,0.2,721,0.8391123439667129,30
a95b7a72bb,2,0.2,emitted_sync_frame,cross_offset,J03WN1,0.2,0.2,454,0.7268722466960352,30
a95b7a72bb,2,0.2,emitted_sync_frame,cross_offset,J03WMX,0.2,0.4,721,0.5617198335644937,30
a95b7a72bb,2,0.2,emitted_sync_frame,cross_offset,J03WN1,0.2,0.4,454,0.5088105726872246,30
a95b7a72bb,2,0.2,emitted_sync_frame,cross_offset,J03WMX,0.2,0.8,721,0.44937586685159503,30
a95b7a72bb,2,0.2,emitted_sync_frame,cross_offset,J03WN1,0.2,0.8,454,0.40748898678414097,30
a95b7a72bb,2,0.2,emitted_sync_frame,cross_offset,J03WMX,0.2,1.2,721,0.4160887656033287,30
a95b7a72bb,2,0.2,emitted_sync_frame,cross_offset,J03WN1,0.2,1.2,454,0.4008810572687225,30
a95b7a72bb,0,0.4,emitted_sync_frame,cross_offset,J03WMX,0.4,0.0,721,0.5270457697642164,26
a95b7a72bb,0,0.4,emitted_sync_frame,cross_offset,J03WN1,0.4,0.0,454,0.47577092511013214,26
a95b7a72bb,0,0.4,emitted_sync_frame,cross_offset,J03WMX,0.4,0.2,721,0.6796116504854369,26
a95b7a72bb,0,0.4,emitted_sync_frame,cross_offset,J03WN1,0.4,0.2,454,0.6035242290748899,26
a95b7a72bb,0,0.4,emitted_sync_frame,cross_offset,J03WMX,0.4,0.4,721,0.6851595006934813,26
a95b7a72bb,0,0.4,emitted_sync_frame,cross_offset,J03WN1,0.4,0.4,454,0.6057268722466961,26
a95b7a72bb,0,0.4,emitted_sync_frame,cross_offset,J03WMX,0.4,0.8,721,0.565880721220527,26
a95b7a72bb,0,0.4,emitted_sync_frame,cross_offset,J03WN1,0.4,0.8,454,0.5110132158590308,26
a95b7a72bb,0,0.4,emitted_sync_frame,cross_offset,J03WMX,0.4,1.2,721,0.47018030513176146,26
a95b7a72bb,0,0.4,emitted_sync_frame,cross_offset,J03WN1,0.4,1.2,454,0.42290748898678415,26
a95b7a72bb,1,0.4,emitted_sync_frame,cross_offset,J03WMX,0.4,0.0,721,0.4174757281553398,41
a95b7a72bb,1,0.4,emitted_sync_frame,cross_offset,J03WN1,0.4,0.0,454,0.40969162995594716,41
a95b7a72bb,1,0.4,emitted_sync_frame,cross_offset,J03WMX,0.4,0.2,721,0.6463245492371706,41
a95b7a72bb,1,0.4,emitted_sync_frame,cross_offset,J03WN1,0.4,0.2,454,0.5616740088105727,41
a95b7a72bb,1,0.4,emitted_sync_frame,cross_offset,J03WMX,0.4,0.4,721,0.6837725381414702,41
a95b7a72bb,1,0.4,emitted_sync_frame,cross_offset,J03WN1,0.4,0.4,454,0.5991189427312775,41
a95b7a72bb,1,0.4,emitted_sync_frame,cross_offset,J03WMX,0.4,0.8,721,0.5270457697642164,41
a95b7a72bb,1,0.4,emitted_sync_frame,cross_offset,J03WN1,0.4,0.8,454,0.46255506607929514,41
a95b7a72bb,1,0.4,emitted_sync_frame,cross_offset,J03WMX,0.4,1.2,721,0.4549237170596394,41
a95b7a72bb,1,0.4,emitted_sync_frame,cross_offset,J03WN1,0.4,1.2,454,0.3964757709251101,41
a95b7a72bb,2,0.4,emitted_sync_frame,cross_offset,J03WMX,0.4,0.0,721,0.4133148404993065,40
a95b7a72bb,2,0.4,emitted_sync_frame,cross_offset,J03WN1,0.4,0.0,454,0.41409691629955947,40
a95b7a72bb,2,0.4,emitted_sync_frame,cross_offset,J03WMX,0.4,0.2,721,0.6407766990291263,40
a95b7a72bb,2,0.4,emitted_sync_frame,cross_offset,J03WN1,0.4,0.2,454,0.5594713656387665,40
a95b7a72bb,2,0.4,emitted_sync_frame,cross_offset,J03WMX,0.4,0.4,721,0.7059639389736477,40
a95b7a72bb,2,0.4,emitted_sync_frame,cross_offset,J03WN1,0.4,0.4,454,0.5991189427312775,40
a95b7a72bb,2,0.4,emitted_sync_frame,cross_offset,J03WMX,0.4,0.8,721,0.5450762829403606,40
a95b7a72bb,2,0.4,emitted_sync_frame,cross_offset,J03WN1,0.4,0.8,454,0.4889867841409692,40
a95b7a72bb,2,0.4,emitted_sync_frame,cross_offset,J03WMX,0.4,1.2,721,0.4590846047156727,40
a95b7a72bb,2,0.4,emitted_sync_frame,cross_offset,J03WN1,0.4,1.2,454,0.3854625550660793,40
a95b7a72bb,0,0.8,emitted_sync_frame,cross_offset,J03WMX,0.8,0.0,721,0.6851595006934813,29
a95b7a72bb,0,0.8,emitted_sync_frame,cross_offset,J03WN1,0.8,0.0,454,0.6145374449339207,29
a95b7a72bb,0,0.8,emitted_sync_frame,cross_offset,J03WMX,0.8,0.2,721,0.6629680998613038,29
a95b7a72bb,0,0.8,emitted_sync_frame,cross_offset,J03WN1,0.8,0.2,454,0.5837004405286343,29
a95b7a72bb,0,0.8,emitted_sync_frame,cross_offset,J03WMX,0.8,0.4,721,0.636615811373093,29
a95b7a72bb,0,0.8,emitted_sync_frame,cross_offset,J03WN1,0.8,0.4,454,0.5506607929515418,29
a95b7a72bb,0,0.8,emitted_sync_frame,cross_offset,J03WMX,0.8,0.8,721,0.5714285714285714,29
a95b7a72bb,0,0.8,emitted_sync_frame,cross_offset,J03WN1,0.8,0.8,454,0.5286343612334802,29
a95b7a72bb,0,0.8,emitted_sync_frame,cross_offset,J03WMX,0.8,1.2,721,0.5117891816920943,29
a95b7a72bb,0,0.8,emitted_sync_frame,cross_offset,J03WN1,0.8,1.2,454,0.44493392070484583,29
a95b7a72bb,1,0.8,emitted_sync_frame,cross_offset,J03WMX,0.8,0.0,721,0.6823855755894591,20
a95b7a72bb,1,0.8,emitted_sync_frame,cross_offset,J03WN1,0.8,0.0,454,0.6013215859030837,20
a95b7a72bb,1,0.8,emitted_sync_frame,cross_offset,J03WMX,0.8,0.2,721,0.6435506241331485,20
a95b7a72bb,1,0.8,emitted_sync_frame,cross_offset,J03WN1,0.8,0.2,454,0.5837004405286343,20
a95b7a72bb,1,0.8,emitted_sync_frame,cross_offset,J03WMX,0.8,0.4,721,0.6033287101248266,20
a95b7a72bb,1,0.8,emitted_sync_frame,cross_offset,J03WN1,0.8,0.4,454,0.5594713656387665,20
a95b7a72bb,1,0.8,emitted_sync_frame,cross_offset,J03WMX,0.8,0.8,721,0.5631067961165048,20
a95b7a72bb,1,0.8,emitted_sync_frame,cross_offset,J03WN1,0.8,0.8,454,0.5220264317180616,20
a95b7a72bb,1,0.8,emitted_sync_frame,cross_offset,J03WMX,0.8,1.2,721,0.49653259361997226,20
a95b7a72bb,1,0.8,emitted_sync_frame,cross_offset,J03WN1,0.8,1.2,454,0.43392070484581496,20
a95b7a72bb,2,0.8,emitted_sync_frame,cross_offset,J03WMX,0.8,0.0,721,0.6685159500693482,36
a95b7a72bb,2,0.8,emitted_sync_frame,cross_offset,J03WN1,0.8,0.0,454,0.5969162995594713,36
a95b7a72bb,2,0.8,emitted_sync_frame,cross_offset,J03WMX,0.8,0.2,721,0.6324549237170597,36
a95b7a72bb,2,0.8,emitted_sync_frame,cross_offset,J03WN1,0.8,0.2,454,0.5572687224669604,36
a95b7a72bb,2,0.8,emitted_sync_frame,cross_offset,J03WMX,0.8,0.4,721,0.6213592233009708,36
a95b7a72bb,2,0.8,emitted_sync_frame,cross_offset,J03WN1,0.8,0.4,454,0.5374449339207048,36
a95b7a72bb,2,0.8,emitted_sync_frame,cross_offset,J03WMX,0.8,0.8,721,0.5644937586685159,36
a95b7a72bb,2,0.8,emitted_sync_frame,cross_offset,J03WN1,0.8,0.8,454,0.5176211453744494,36
a95b7a72bb,2,0.8,emitted_sync_frame,cross_offset,J03WMX,0.8,1.2,721,0.5145631067961165,36
a95b7a72bb,2,0.8,emitted_sync_frame,cross_offset,J03WN1,0.8,1.2,454,0.43392070484581496,36
a95b7a72bb,0,1.2,emitted_sync_frame,cross_offset,J03WMX,1.2,0.0,721,0.6768377253814147,36
a95b7a72bb,0,1.2,emitted_sync_frame,cross_offset,J03WN1,1.2,0.0,454,0.6035242290748899,36
a95b7a72bb,0,1.2,emitted_sync_frame,cross_offset,J03WMX,1.2,0.2,721,0.6102635228848821,36
a95b7a72bb,0,1.2,emitted_sync_frame,cross_offset,J03WN1,1.2,0.2,454,0.552863436123348,36
a95b7a72bb,0,1.2,emitted_sync_frame,cross_offset,J03WMX,1.2,0.4,721,0.5783633841886269,36
a95b7a72bb,0,1.2,emitted_sync_frame,cross_offset,J03WN1,1.2,0.4,454,0.5242290748898678,36
a95b7a72bb,0,1.2,emitted_sync_frame,cross_offset,J03WMX,1.2,0.8,721,0.5423023578363384,36
a95b7a72bb,0,1.2,emitted_sync_frame,cross_offset,J03WN1,1.2,0.8,454,0.5154185022026432,36
a95b7a72bb,0,1.2,emitted_sync_frame,cross_offset,J03WMX,1.2,1.2,721,0.49653259361997226,36
a95b7a72bb,0,1.2,emitted_sync_frame,cross_offset,J03WN1,1.2,1.2,454,0.4581497797356828,36
a95b7a72bb,1,1.2,emitted_sync_frame,cross_offset,J03WMX,1.2,0.0,721,0.6574202496532594,29
a95b7a72bb,1,1.2,emitted_sync_frame,cross_offset,J03WN1,1.2,0.0,454,0.5859030837004405,29
a95b7a72bb,1,1.2,emitted_sync_frame,cross_offset,J03WMX,1.2,0.2,721,0.5922330097087378,29
a95b7a72bb,1,1.2,emitted_sync_frame,cross_offset,J03WN1,1.2,0.2,454,0.552863436123348,29
a95b7a72bb,1,1.2,emitted_sync_frame,cross_offset,J03WMX,1.2,0.4,721,0.5520110957004161,29
a95b7a72bb,1,1.2,emitted_sync_frame,cross_offset,J03WN1,1.2,0.4,454,0.4955947136563877,29
a95b7a72bb,1,1.2,emitted_sync_frame,cross_offset,J03WMX,1.2,0.8,721,0.5270457697642164,29
a95b7a72bb,1,1.2,emitted_sync_frame,cross_offset,J03WN1,1.2,0.8,454,0.4933920704845815,29
a95b7a72bb,1,1.2,emitted_sync_frame,cross_offset,J03WMX,1.2,1.2,721,0.5104022191400832,29
a95b7a72bb,1,1.2,emitted_sync_frame,cross_offset,J03WN1,1.2,1.2,454,0.45154185022026433,29
a95b7a72bb,2,1.2,emitted_sync_frame,cross_offset,J03WMX,1.2,0.0,721,0.6615811373092927,26
a95b7a72bb,2,1.2,emitted_sync_frame,cross_offset,J03WN1,1.2,0.0,454,0.6189427312775331,26
a95b7a72bb,2,1.2,emitted_sync_frame,cross_offset,J03WMX,1.2,0.2,721,0.59500693481276,26
a95b7a72bb,2,1.2,emitted_sync_frame,cross_offset,J03WN1,1.2,0.2,454,0.552863436123348,26
a95b7a72bb,2,1.2,emitted_sync_frame,cross_offset,J03WMX,1.2,0.4,721,0.5631067961165048,26
a95b7a72bb,2,1.2,emitted_sync_frame,cross_offset,J03WN1,1.2,0.4,454,0.5088105726872246,26
a95b7a72bb,2,1.2,emitted_sync_frame,cross_offset,J03WMX,1.2,0.8,721,0.5381414701803051,26
a95b7a72bb,2,1.2,emitted_sync_frame,cross_offset,J03WN1,1.2,0.8,454,0.526431718061674,26
a95b7a72bb,2,1.2,emitted_sync_frame,cross_offset,J03WMX,1.2,1.2,721,0.5173370319001387,26
a95b7a72bb,2,1.2,emitted_sync_frame,cross_offset,J03WN1,1.2,1.2,454,0.45154185022026433,26
